NO_ORGAO,NO_CARGO_ORIGEM,count_gr_mat,cotas,Percentual.cotas
ADVOCACIA-GERAL DA UNIAO,,662,130,0.2
AGENCIA BRASILEIRA DE INTELIGENCIA,,72,3,0.04
AGENCIA ESPACIAL BRASILEIRA,,27,7,0.26
AGENCIA NAC. DE TRANSPORTES AQUAVIARIOS,,18,9,0.5
AGENCIA NAC. DE TRANSPORTES TERRESTRES,,43,4,0.09
AGENCIA NACIONAL DE AGUAS,,35,0,0
AGENCIA NACIONAL DE AVIACAO CIVIL,,69,11,0.16
AGENCIA NACIONAL DE ENERGIA ELETRICA,,34,1,0.03
AGENCIA NACIONAL DE MINERACAO,,211,1,0
AGENCIA NACIONAL DE SAUDE SUPLEMENTAR,,29,2,0.07
AGENCIA NACIONAL DE TELECOMUNICACOES,,40,9,0.22
AGENCIA NACIONAL DE VIGILANCIA SANITARIA,,43,11,0.26
AMAZONIA AZUL TECNOLOGIAS DE DEFESA SA,,343,75,0.22
CENTRO FED.DE EDUC.TECNOL.MINAS GERAIS,,89,12,0.13
CENTRO FED.EDUC.TECNOL.CELSO S. FONSECA,,211,49,0.23
COLEGIO PEDRO II,,183,41,0.22
COMANDO DA MARINHA,,1,0,0
COMISSAO DE VALORES MOBILIARIOS,,86,16,0.19
COMPANHIA BRASILEIRA DE TRENS URBANOS,,9,0,0
COMPANHIA DESENV. DO VALE SAO FRANCISCO,,309,17,0.06
CONSELHO NAC.DE DESEN.CIEN.E TECNOLOGICO,,54,1,0.02
CONTROLADORIA-GERAL DA UNIAO,,86,16,0.19
DEPARTAMENTO DE POLICIA FEDERAL,,34,3,0.09
DEPARTAMENTO NAC.DE INFRAEST. DE TRANSP.,,91,19,0.21
DEPTO. DE POLICIA RODOVIARIA FEDERAL,,547,65,0.12
EMPRESA BRAS. DE SERVICOS HOSPITALARES,,12444,1465,0.12
EMPRESA BRASILEIRA DE PESQ. AGROPECUARIA,,255,37,0.15
EMPRESA DE PESQUISA ENERGETICA,,139,0,0
EMPRESA DE TRENS URBANOS DE PORTO ALEGRE,,17,6,0.35
FUND COORD APERF PESSOAL NIVEL SUPERIOR,,49,9,0.18
FUND. INST. BRASIL. GEOG. E ESTATISTICA,,596,127,0.21
FUND. UNIV FEDERAL DA GRANDE DOURADOS,,138,22,0.16
FUND. UNIVERSIDADE DE SAO JOAO DEL REI,,84,5,0.06
FUND. UNIVERSIDADE FEDERAL DE RONDONIA,,174,15,0.09
FUND.UNIV.FED.CIENC.SAUDE D PORTO ALEGRE,,62,7,0.11
FUND.UNIV.FED.DO VALE DO SAO FRANCISCO,,54,13,0.24
FUNDACAO NACIONAL DOS POVOS INDIGENAS,,325,59,0.18
FUNDACAO OSWALDO CRUZ,,298,64,0.21
FUNDACAO UNIV. FEDERAL DE OURO PRETO,,112,16,0.14
FUNDACAO UNIV. FEDERAL DE UBERLANDIA,,256,33,0.13
FUNDACAO UNIVERSIDADE DE BRASILIA,,335,47,0.14
FUNDACAO UNIVERSIDADE DO AMAZONAS,,252,24,0.1
FUNDACAO UNIVERSIDADE DO MARANHAO,,182,1,0.01
FUNDACAO UNIVERSIDADE FED. DO TOCANTINS,,113,14,0.12
FUNDACAO UNIVERSIDADE FEDERAL DE PELOTAS,,173,30,0.17
FUNDACAO UNIVERSIDADE FEDERAL DE SERGIPE,,200,31,0.16
FUNDACAO UNIVERSIDADE FEDERAL DO ABC,,90,6,0.07
FUNDACAO UNIVERSIDADE FEDERAL DO PAMPA,,73,2,0.03
FUNDACAO UNVERSIDADE FEDERAL DO AMAPA,,40,1,0.03
FUNDO NACIONAL DE DESENVOLV. DA EDUCACAO,,95,20,0.21
GOVERNO DO EX-TERRITORIO DO AMAPA,,1,0,0
HOSPITAL DE CLINICAS DE PORTO ALEGRE,,1825,231,0.13
INST NAC DE TECN DA INFORMACAO,,1,0,0
INST. BR. MEIO AMB. REC. NAT. RENOVAVEIS,,579,48,0.08
"INST.NAC.METROLOGIA,NORM.E QUAL.INDL.",,89,20,0.22
INST.NACIONAL DE EST.E PESQ.EDUCACIONAIS,,33,7,0.21
INSTITUTO CHICO MENDES CONSERV.BIODIVER.,,351,65,0.19
INSTITUTO DE PESQ. JARDIM BOTANICO DO RJ,,20,2,0.1
INSTITUTO DE PESQUISA ECONOMICA APLICADA,,88,18,0.2
INSTITUTO DO PATR.HIST.E ART. NACIONAL,,101,25,0.25
INSTITUTO FED. DO NORTE DE MINAS GERAIS,,86,14,0.16
INSTITUTO FED.DO SUDESTE DE MINAS GERAIS,,35,6,0.17
INSTITUTO FEDERAL BAIANO,,198,45,0.23
INSTITUTO FEDERAL CATARINENSE,,74,10,0.14
INSTITUTO FEDERAL DA BAHIA,,308,29,0.09
INSTITUTO FEDERAL DA PARAIBA,,5,1,0.2
INSTITUTO FEDERAL DE ALAGOAS,,69,9,0.13
INSTITUTO FEDERAL DE BRASILIA,,27,3,0.11
INSTITUTO FEDERAL DE GOIAS,,72,4,0.06
INSTITUTO FEDERAL DE MATO GROSSO,,228,41,0.18
INSTITUTO FEDERAL DE MATO GROSSO DO SUL,,83,12,0.14
INSTITUTO FEDERAL DE MINAS GERAIS,,106,11,0.1
INSTITUTO FEDERAL DE PERNAMBUCO,,22,2,0.09
INSTITUTO FEDERAL DE RONDONIA,,128,15,0.12
INSTITUTO FEDERAL DE RORAIMA,,83,14,0.17
INSTITUTO FEDERAL DE SANTA CATARINA,,172,21,0.12
INSTITUTO FEDERAL DE SAO PAULO,,171,32,0.19
INSTITUTO FEDERAL DE SERGIPE,,232,58,0.25
INSTITUTO FEDERAL DO ACRE,,151,25,0.17
INSTITUTO FEDERAL DO AMAPA,,158,25,0.16
INSTITUTO FEDERAL DO AMAZONAS,,128,2,0.02
INSTITUTO FEDERAL DO CEARA,,70,15,0.21
INSTITUTO FEDERAL DO ESPIRITO SANTO,,194,23,0.12
INSTITUTO FEDERAL DO MARANHAO,,118,20,0.17
INSTITUTO FEDERAL DO PARA,,157,15,0.1
INSTITUTO FEDERAL DO PARANA,,236,32,0.14
INSTITUTO FEDERAL DO PIAUI,,78,2,0.03
INSTITUTO FEDERAL DO RIO DE JANEIRO,,61,11,0.18
INSTITUTO FEDERAL DO RIO GRANDE DO NORTE,,85,13,0.15
INSTITUTO FEDERAL DO RIO GRANDE DO SUL,,184,35,0.19
INSTITUTO FEDERAL DO SERTAO PERNAMBUCANO,,11,1,0.09
INSTITUTO FEDERAL DO SUL DE MINAS GERAIS,,61,11,0.18
INSTITUTO FEDERAL DO TOCANTINS,,98,14,0.14
INSTITUTO FEDERAL DO TRIANGULO MINEIRO,,59,8,0.14
INSTITUTO FEDERAL FARROUPILHA,,113,20,0.18
INSTITUTO FEDERAL FLUMINENSE,,62,4,0.06
INSTITUTO FEDERAL GOIANO,,119,20,0.17
INSTITUTO FEDERAL SUL RIO-GRANDENSE,,83,9,0.11
INSTITUTO NAC. DA PROPRIEDADE INDUSTRIAL,,196,30,0.15
INSTITUTO NAC. DE COLONIZ E REF AGRARIA,,420,78,0.19
INSTITUTO NACIONAL DE SEGURO SOCIAL,,571,98,0.17
MIN DESENVOLV IND COMERCIO E SERVICOS,,41,7,0.17
MIN GESTAO E INOV EM SERV PUBLICOS,,1148,231,0.2
MINIST. DA JUSTICA E SEGURANCA PUBLICA,,102,3,0.03
MINISTERIO CIENCIA TECNOLOGIA INOVA,,606,82,0.14
MINISTERIO DA AGRICULTURA E PECUARIA,,339,77,0.23
MINISTERIO DA DEFESA,,64,7,0.11
MINISTERIO DA EDUCACAO,,247,2,0.01
MINISTERIO DA FAZENDA,,1325,130,0.1
MINISTERIO DA IGUALDADE RACIAL,,1,0,0
MINISTERIO DA PREVIDENCIA SOCIAL,,443,74,0.17
MINISTERIO DA SAUDE,,170,28,0.16
MINISTERIO DAS COMUNICACOES,,40,0,0
MINISTERIO DAS RELACOES EXTERIORES,,145,25,0.17
MINISTERIO DE MINAS E ENERGIA,,1,0,0
MINISTERIO DO MEIO AMBIENTE,,148,34,0.23
MINISTERIO DO PLANEJAMENTO E ORCAMENTO,,80,11,0.14
MINISTERIO DO TRABALHO E EMPREGO,,792,156,0.2
MINISTERIO DOS TRANSPORTES,,1,0,0
POLICIA CIVIL DO DISTRITO FEDERAL,,766,128,0.17
POLICIA MILITAR DO DISTRITO FEDERAL,,52,0,0
SUPERINT.NAC.DE PREVIDENCIA COMPLEMENTAR,,29,0,0
SUPERINTENDENCIA DE SEGUROS PRIVADOS,,66,8,0.12
TELEBRAS - TELECOM. BRASILEIRAS S.A.,,63,8,0.13
UN. INT.INTERN. LUSOFONIA AFROBRASILEIRA,,65,4,0.06
UNI.FED.VALES DO JEQUITINHONHA E MUCURI,,144,24,0.17
UNIV. FEDERAL DE MATO GROSSO DO SUL,,237,31,0.13
UNIV. FEDERAL DO DELTA DO PARNAIBA,,74,11,0.15
UNIV. FEDERAL DO RECONCAVO DA BAHIA,,84,16,0.19
UNIV. FEDERAL RURAL DO RIO DE JANEIRO,,118,15,0.13
UNIV.FED. DA INTEGRACAO LATINO-AMERICANA,,77,13,0.17
UNIVER. FEDERAL DO AGRESTE DE PERNAMBUCO,,63,12,0.19
UNIVERS. TECNOLOGICA FEDERAL DO PARANA,,144,6,0.04
UNIVERSIDADE DO RIO DE JANEIRO,,62,7,0.11
UNIVERSIDADE FED. DO RIO GRANDE DO NORTE,,248,28,0.11
UNIVERSIDADE FED. DO RIO GRANDE DO SUL,,432,44,0.1
UNIVERSIDADE FED. RURAL DO SEMI-ARIDO,,85,3,0.04
UNIVERSIDADE FED. SUL SUDESTE DO PARA,,132,21,0.16
UNIVERSIDADE FED.DO TRIANGULO MINEIRO,,122,16,0.13
UNIVERSIDADE FEDERAL DA BAHIA,,283,31,0.11
UNIVERSIDADE FEDERAL DA FRONTEIRA SUL,,95,2,0.02
UNIVERSIDADE FEDERAL DA PARAIBA,,364,36,0.1
UNIVERSIDADE FEDERAL DE ALAGOAS,,165,15,0.09
UNIVERSIDADE FEDERAL DE ALFENAS,,47,2,0.04
UNIVERSIDADE FEDERAL DE CAMPINA GRANDE,,285,35,0.12
UNIVERSIDADE FEDERAL DE CATALAO,,100,12,0.12
UNIVERSIDADE FEDERAL DE GOIAS,,252,36,0.14
UNIVERSIDADE FEDERAL DE ITAJUBA,,73,5,0.07
UNIVERSIDADE FEDERAL DE JATAI,,98,12,0.12
UNIVERSIDADE FEDERAL DE JUIZ DE FORA,,145,15,0.1
UNIVERSIDADE FEDERAL DE LAVRAS,,106,5,0.05
UNIVERSIDADE FEDERAL DE MATO GROSSO,,197,18,0.09
UNIVERSIDADE FEDERAL DE MINAS GERAIS,,505,70,0.14
UNIVERSIDADE FEDERAL DE PERNAMBUCO,,399,69,0.17
UNIVERSIDADE FEDERAL DE RONDONOPOLIS,,109,16,0.15
UNIVERSIDADE FEDERAL DE RORAIMA,,118,4,0.03
UNIVERSIDADE FEDERAL DE SANTA CATARINA,,288,26,0.09
UNIVERSIDADE FEDERAL DE SANTA MARIA,,182,17,0.09
UNIVERSIDADE FEDERAL DE SAO CARLOS,,114,9,0.08
UNIVERSIDADE FEDERAL DE SAO PAULO,,234,21,0.09
UNIVERSIDADE FEDERAL DE VICOSA,,148,6,0.04
UNIVERSIDADE FEDERAL DO ACRE,,146,23,0.16
UNIVERSIDADE FEDERAL DO CARIRI,,43,1,0.02
UNIVERSIDADE FEDERAL DO CEARA,,322,40,0.12
UNIVERSIDADE FEDERAL DO ESPIRITO SANTO,,189,38,0.2
UNIVERSIDADE FEDERAL DO OESTE DA BAHIA,,51,7,0.14
UNIVERSIDADE FEDERAL DO OESTE DO PARA,,107,13,0.12
UNIVERSIDADE FEDERAL DO PARA,,306,29,0.09
UNIVERSIDADE FEDERAL DO PARANA,,465,73,0.16
UNIVERSIDADE FEDERAL DO PIAUI,,197,10,0.05
UNIVERSIDADE FEDERAL DO RIO DE JANEIRO,,843,104,0.12
UNIVERSIDADE FEDERAL DO RIO GRANDE,,125,14,0.11
UNIVERSIDADE FEDERAL DO SUL DA BAHIA,,84,17,0.2
UNIVERSIDADE FEDERAL FLUMINENSE,,378,31,0.08
UNIVERSIDADE FEDERAL NORTE DO TOCANTINS,,107,20,0.19
UNIVERSIDADE FEDERAL RURAL DA AMAZONIA,,62,0,0
UNIVERSIDADE FEDERAL RURAL DE PERNAMBUCO,,142,16,0.11
