NO_ORGAO,NO_CARGO_ORIGEM,count_gr_mat,cotas,Percentual.cotas,qte_20,diferenca
ADVOCACIA-GERAL DA UNIAO,,662,130,0.2,132.4,2.4000000000000057
AGENCIA BRASILEIRA DE INTELIGENCIA,,72,3,0.04,14.4,11.4
AGENCIA ESPACIAL BRASILEIRA,,27,7,0.26,5.4,-1.5999999999999996
AGENCIA NAC. DE TRANSPORTES AQUAVIARIOS,,18,9,0.5,3.6,-5.4
AGENCIA NAC. DE TRANSPORTES TERRESTRES,,43,4,0.09,8.6,4.6
AGENCIA NACIONAL DE AGUAS,,35,0,0,7,7
AGENCIA NACIONAL DE AVIACAO CIVIL,,69,11,0.16,13.8,2.8000000000000007
AGENCIA NACIONAL DE ENERGIA ELETRICA,,34,1,0.03,6.800000000000001,5.800000000000001
AGENCIA NACIONAL DE MINERACAO,,211,1,0,42.2,41.2
AGENCIA NACIONAL DE SAUDE SUPLEMENTAR,,29,2,0.07,5.800000000000001,3.8000000000000007
AGENCIA NACIONAL DE TELECOMUNICACOES,,40,9,0.22,8,-1
AGENCIA NACIONAL DE VIGILANCIA SANITARIA,,43,11,0.26,8.6,-2.4000000000000004
AMAZONIA AZUL TECNOLOGIAS DE DEFESA SA,,343,75,0.22,68.60000000000001,-6.3999999999999915
CENTRO FED.DE EDUC.TECNOL.MINAS GERAIS,,89,12,0.13,17.8,5.800000000000001
CENTRO FED.EDUC.TECNOL.CELSO S. FONSECA,,211,49,0.23,42.2,-6.799999999999997
COLEGIO PEDRO II,,183,41,0.22,36.6,-4.399999999999999
COMANDO DA MARINHA,,1,0,0,0.2,0.2
COMISSAO DE VALORES MOBILIARIOS,,86,16,0.19,17.2,1.1999999999999993
COMPANHIA BRASILEIRA DE TRENS URBANOS,,9,0,0,1.8,1.8
COMPANHIA DESENV. DO VALE SAO FRANCISCO,,309,17,0.06,61.800000000000004,44.800000000000004
CONSELHO NAC.DE DESEN.CIEN.E TECNOLOGICO,,54,1,0.02,10.8,9.8
CONTROLADORIA-GERAL DA UNIAO,,86,16,0.19,17.2,1.1999999999999993
DEPARTAMENTO DE POLICIA FEDERAL,,34,3,0.09,6.800000000000001,3.8000000000000007
DEPARTAMENTO NAC.DE INFRAEST. DE TRANSP.,,91,19,0.21,18.2,-0.8000000000000007
DEPTO. DE POLICIA RODOVIARIA FEDERAL,,547,65,0.12,109.4,44.400000000000006
EMPRESA BRAS. DE SERVICOS HOSPITALARES,,12444,1465,0.12,2488.8,1023.8000000000002
EMPRESA BRASILEIRA DE PESQ. AGROPECUARIA,,255,37,0.15,51,14
EMPRESA DE PESQUISA ENERGETICA,,139,0,0,27.8,27.8
EMPRESA DE TRENS URBANOS DE PORTO ALEGRE,,17,6,0.35,3.4000000000000004,-2.5999999999999996
FUND COORD APERF PESSOAL NIVEL SUPERIOR,,49,9,0.18,9.8,0.8000000000000007
FUND. INST. BRASIL. GEOG. E ESTATISTICA,,596,127,0.21,119.2,-7.799999999999997
FUND. UNIV FEDERAL DA GRANDE DOURADOS,,138,22,0.16,27.6,5.600000000000001
FUND. UNIVERSIDADE DE SAO JOAO DEL REI,,84,5,0.06,16.8,11.8
FUND. UNIVERSIDADE FEDERAL DE RONDONIA,,174,15,0.09,34.800000000000004,19.800000000000004
FUND.UNIV.FED.CIENC.SAUDE D PORTO ALEGRE,,62,7,0.11,12.4,5.4
FUND.UNIV.FED.DO VALE DO SAO FRANCISCO,,54,13,0.24,10.8,-2.1999999999999993
FUNDACAO NACIONAL DOS POVOS INDIGENAS,,325,59,0.18,65,6
FUNDACAO OSWALDO CRUZ,,298,64,0.21,59.6,-4.399999999999999
FUNDACAO UNIV. FEDERAL DE OURO PRETO,,112,16,0.14,22.400000000000002,6.400000000000002
FUNDACAO UNIV. FEDERAL DE UBERLANDIA,,256,33,0.13,51.2,18.200000000000003
FUNDACAO UNIVERSIDADE DE BRASILIA,,335,47,0.14,67,20
FUNDACAO UNIVERSIDADE DO AMAZONAS,,252,24,0.1,50.400000000000006,26.400000000000006
FUNDACAO UNIVERSIDADE DO MARANHAO,,182,1,0.01,36.4,35.4
FUNDACAO UNIVERSIDADE FED. DO TOCANTINS,,113,14,0.12,22.6,8.600000000000001
FUNDACAO UNIVERSIDADE FEDERAL DE PELOTAS,,173,30,0.17,34.6,4.600000000000001
FUNDACAO UNIVERSIDADE FEDERAL DE SERGIPE,,200,31,0.16,40,9
FUNDACAO UNIVERSIDADE FEDERAL DO ABC,,90,6,0.07,18,12
FUNDACAO UNIVERSIDADE FEDERAL DO PAMPA,,73,2,0.03,14.600000000000001,12.600000000000001
FUNDACAO UNVERSIDADE FEDERAL DO AMAPA,,40,1,0.03,8,7
FUNDO NACIONAL DE DESENVOLV. DA EDUCACAO,,95,20,0.21,19,-1
GOVERNO DO EX-TERRITORIO DO AMAPA,,1,0,0,0.2,0.2
HOSPITAL DE CLINICAS DE PORTO ALEGRE,,1825,231,0.13,365,134
INST NAC DE TECN DA INFORMACAO,,1,0,0,0.2,0.2
INST. BR. MEIO AMB. REC. NAT. RENOVAVEIS,,579,48,0.08,115.80000000000001,67.80000000000001
"INST.NAC.METROLOGIA,NORM.E QUAL.INDL.",,89,20,0.22,17.8,-2.1999999999999993
INST.NACIONAL DE EST.E PESQ.EDUCACIONAIS,,33,7,0.21,6.6000000000000005,-0.39999999999999947
INSTITUTO CHICO MENDES CONSERV.BIODIVER.,,351,65,0.19,70.2,5.200000000000003
INSTITUTO DE PESQ. JARDIM BOTANICO DO RJ,,20,2,0.1,4,2
INSTITUTO DE PESQUISA ECONOMICA APLICADA,,88,18,0.2,17.6,-0.3999999999999986
INSTITUTO DO PATR.HIST.E ART. NACIONAL,,101,25,0.25,20.200000000000003,-4.799999999999997
INSTITUTO FED. DO NORTE DE MINAS GERAIS,,86,14,0.16,17.2,3.1999999999999993
INSTITUTO FED.DO SUDESTE DE MINAS GERAIS,,35,6,0.17,7,1
INSTITUTO FEDERAL BAIANO,,198,45,0.23,39.6,-5.399999999999999
INSTITUTO FEDERAL CATARINENSE,,74,10,0.14,14.8,4.800000000000001
INSTITUTO FEDERAL DA BAHIA,,308,29,0.09,61.6,32.6
INSTITUTO FEDERAL DA PARAIBA,,5,1,0.2,1,0
INSTITUTO FEDERAL DE ALAGOAS,,69,9,0.13,13.8,4.800000000000001
INSTITUTO FEDERAL DE BRASILIA,,27,3,0.11,5.4,2.4000000000000004
INSTITUTO FEDERAL DE GOIAS,,72,4,0.06,14.4,10.4
INSTITUTO FEDERAL DE MATO GROSSO,,228,41,0.18,45.6,4.600000000000001
INSTITUTO FEDERAL DE MATO GROSSO DO SUL,,83,12,0.14,16.6,4.600000000000001
INSTITUTO FEDERAL DE MINAS GERAIS,,106,11,0.1,21.200000000000003,10.200000000000003
INSTITUTO FEDERAL DE PERNAMBUCO,,22,2,0.09,4.4,2.4000000000000004
INSTITUTO FEDERAL DE RONDONIA,,128,15,0.12,25.6,10.600000000000001
INSTITUTO FEDERAL DE RORAIMA,,83,14,0.17,16.6,2.6000000000000014
INSTITUTO FEDERAL DE SANTA CATARINA,,172,21,0.12,34.4,13.399999999999999
INSTITUTO FEDERAL DE SAO PAULO,,171,32,0.19,34.2,2.200000000000003
INSTITUTO FEDERAL DE SERGIPE,,232,58,0.25,46.400000000000006,-11.599999999999994
INSTITUTO FEDERAL DO ACRE,,151,25,0.17,30.200000000000003,5.200000000000003
INSTITUTO FEDERAL DO AMAPA,,158,25,0.16,31.6,6.600000000000001
INSTITUTO FEDERAL DO AMAZONAS,,128,2,0.02,25.6,23.6
INSTITUTO FEDERAL DO CEARA,,70,15,0.21,14,-1
INSTITUTO FEDERAL DO ESPIRITO SANTO,,194,23,0.12,38.800000000000004,15.800000000000004
INSTITUTO FEDERAL DO MARANHAO,,118,20,0.17,23.6,3.6000000000000014
INSTITUTO FEDERAL DO PARA,,157,15,0.1,31.400000000000002,16.400000000000002
INSTITUTO FEDERAL DO PARANA,,236,32,0.14,47.2,15.200000000000003
INSTITUTO FEDERAL DO PIAUI,,78,2,0.03,15.600000000000001,13.600000000000001
INSTITUTO FEDERAL DO RIO DE JANEIRO,,61,11,0.18,12.200000000000001,1.200000000000001
INSTITUTO FEDERAL DO RIO GRANDE DO NORTE,,85,13,0.15,17,4
INSTITUTO FEDERAL DO RIO GRANDE DO SUL,,184,35,0.19,36.800000000000004,1.8000000000000043
INSTITUTO FEDERAL DO SERTAO PERNAMBUCANO,,11,1,0.09,2.2,1.2000000000000002
INSTITUTO FEDERAL DO SUL DE MINAS GERAIS,,61,11,0.18,12.200000000000001,1.200000000000001
INSTITUTO FEDERAL DO TOCANTINS,,98,14,0.14,19.6,5.600000000000001
INSTITUTO FEDERAL DO TRIANGULO MINEIRO,,59,8,0.14,11.8,3.8000000000000007
INSTITUTO FEDERAL FARROUPILHA,,113,20,0.18,22.6,2.6000000000000014
INSTITUTO FEDERAL FLUMINENSE,,62,4,0.06,12.4,8.4
INSTITUTO FEDERAL GOIANO,,119,20,0.17,23.8,3.8000000000000007
INSTITUTO FEDERAL SUL RIO-GRANDENSE,,83,9,0.11,16.6,7.600000000000001
INSTITUTO NAC. DA PROPRIEDADE INDUSTRIAL,,196,30,0.15,39.2,9.200000000000003
INSTITUTO NAC. DE COLONIZ E REF AGRARIA,,420,78,0.19,84,6
INSTITUTO NACIONAL DE SEGURO SOCIAL,,571,98,0.17,114.2,16.200000000000003
MIN DESENVOLV IND COMERCIO E SERVICOS,,41,7,0.17,8.200000000000001,1.200000000000001
MIN GESTAO E INOV EM SERV PUBLICOS,,1148,231,0.2,229.60000000000002,-1.3999999999999773
MINIST. DA JUSTICA E SEGURANCA PUBLICA,,102,3,0.03,20.400000000000002,17.400000000000002
MINISTERIO CIENCIA TECNOLOGIA INOVA,,606,82,0.14,121.2,39.2
MINISTERIO DA AGRICULTURA E PECUARIA,,339,77,0.23,67.8,-9.200000000000003
MINISTERIO DA DEFESA,,64,7,0.11,12.8,5.800000000000001
MINISTERIO DA EDUCACAO,,247,2,0.01,49.400000000000006,47.400000000000006
MINISTERIO DA FAZENDA,,1325,130,0.1,265,135
MINISTERIO DA IGUALDADE RACIAL,,1,0,0,0.2,0.2
MINISTERIO DA PREVIDENCIA SOCIAL,,443,74,0.17,88.60000000000001,14.600000000000009
MINISTERIO DA SAUDE,,170,28,0.16,34,6
MINISTERIO DAS COMUNICACOES,,40,0,0,8,8
MINISTERIO DAS RELACOES EXTERIORES,,145,25,0.17,29,4
MINISTERIO DE MINAS E ENERGIA,,1,0,0,0.2,0.2
MINISTERIO DO MEIO AMBIENTE,,148,34,0.23,29.6,-4.399999999999999
MINISTERIO DO PLANEJAMENTO E ORCAMENTO,,80,11,0.14,16,5
MINISTERIO DO TRABALHO E EMPREGO,,792,156,0.2,158.4,2.4000000000000057
MINISTERIO DOS TRANSPORTES,,1,0,0,0.2,0.2
POLICIA CIVIL DO DISTRITO FEDERAL,,766,128,0.17,153.20000000000002,25.200000000000017
POLICIA MILITAR DO DISTRITO FEDERAL,,52,0,0,10.4,10.4
SUPERINT.NAC.DE PREVIDENCIA COMPLEMENTAR,,29,0,0,5.800000000000001,5.800000000000001
SUPERINTENDENCIA DE SEGUROS PRIVADOS,,66,8,0.12,13.200000000000001,5.200000000000001
TELEBRAS - TELECOM. BRASILEIRAS S.A.,,63,8,0.13,12.600000000000001,4.600000000000001
UN. INT.INTERN. LUSOFONIA AFROBRASILEIRA,,65,4,0.06,13,9
UNI.FED.VALES DO JEQUITINHONHA E MUCURI,,144,24,0.17,28.8,4.800000000000001
UNIV. FEDERAL DE MATO GROSSO DO SUL,,237,31,0.13,47.400000000000006,16.400000000000006
UNIV. FEDERAL DO DELTA DO PARNAIBA,,74,11,0.15,14.8,3.8000000000000007
UNIV. FEDERAL DO RECONCAVO DA BAHIA,,84,16,0.19,16.8,0.8000000000000007
UNIV. FEDERAL RURAL DO RIO DE JANEIRO,,118,15,0.13,23.6,8.600000000000001
UNIV.FED. DA INTEGRACAO LATINO-AMERICANA,,77,13,0.17,15.4,2.4000000000000004
UNIVER. FEDERAL DO AGRESTE DE PERNAMBUCO,,63,12,0.19,12.600000000000001,0.6000000000000014
UNIVERS. TECNOLOGICA FEDERAL DO PARANA,,144,6,0.04,28.8,22.8
UNIVERSIDADE DO RIO DE JANEIRO,,62,7,0.11,12.4,5.4
UNIVERSIDADE FED. DO RIO GRANDE DO NORTE,,248,28,0.11,49.6,21.6
UNIVERSIDADE FED. DO RIO GRANDE DO SUL,,432,44,0.1,86.4,42.400000000000006
UNIVERSIDADE FED. RURAL DO SEMI-ARIDO,,85,3,0.04,17,14
UNIVERSIDADE FED. SUL SUDESTE DO PARA,,132,21,0.16,26.400000000000002,5.400000000000002
UNIVERSIDADE FED.DO TRIANGULO MINEIRO,,122,16,0.13,24.400000000000002,8.400000000000002
UNIVERSIDADE FEDERAL DA BAHIA,,283,31,0.11,56.6,25.6
UNIVERSIDADE FEDERAL DA FRONTEIRA SUL,,95,2,0.02,19,17
UNIVERSIDADE FEDERAL DA PARAIBA,,364,36,0.1,72.8,36.8
UNIVERSIDADE FEDERAL DE ALAGOAS,,165,15,0.09,33,18
UNIVERSIDADE FEDERAL DE ALFENAS,,47,2,0.04,9.4,7.4
UNIVERSIDADE FEDERAL DE CAMPINA GRANDE,,285,35,0.12,57,22
UNIVERSIDADE FEDERAL DE CATALAO,,100,12,0.12,20,8
UNIVERSIDADE FEDERAL DE GOIAS,,252,36,0.14,50.400000000000006,14.400000000000006
UNIVERSIDADE FEDERAL DE ITAJUBA,,73,5,0.07,14.600000000000001,9.600000000000001
UNIVERSIDADE FEDERAL DE JATAI,,98,12,0.12,19.6,7.600000000000001
UNIVERSIDADE FEDERAL DE JUIZ DE FORA,,145,15,0.1,29,14
UNIVERSIDADE FEDERAL DE LAVRAS,,106,5,0.05,21.200000000000003,16.200000000000003
UNIVERSIDADE FEDERAL DE MATO GROSSO,,197,18,0.09,39.400000000000006,21.400000000000006
UNIVERSIDADE FEDERAL DE MINAS GERAIS,,505,70,0.14,101,31
UNIVERSIDADE FEDERAL DE PERNAMBUCO,,399,69,0.17,79.80000000000001,10.800000000000011
UNIVERSIDADE FEDERAL DE RONDONOPOLIS,,109,16,0.15,21.8,5.800000000000001
UNIVERSIDADE FEDERAL DE RORAIMA,,118,4,0.03,23.6,19.6
UNIVERSIDADE FEDERAL DE SANTA CATARINA,,288,26,0.09,57.6,31.6
UNIVERSIDADE FEDERAL DE SANTA MARIA,,182,17,0.09,36.4,19.4
UNIVERSIDADE FEDERAL DE SAO CARLOS,,114,9,0.08,22.8,13.8
UNIVERSIDADE FEDERAL DE SAO PAULO,,234,21,0.09,46.800000000000004,25.800000000000004
UNIVERSIDADE FEDERAL DE VICOSA,,148,6,0.04,29.6,23.6
UNIVERSIDADE FEDERAL DO ACRE,,146,23,0.16,29.200000000000003,6.200000000000003
UNIVERSIDADE FEDERAL DO CARIRI,,43,1,0.02,8.6,7.6
UNIVERSIDADE FEDERAL DO CEARA,,322,40,0.12,64.4,24.400000000000006
UNIVERSIDADE FEDERAL DO ESPIRITO SANTO,,189,38,0.2,37.800000000000004,-0.19999999999999574
UNIVERSIDADE FEDERAL DO OESTE DA BAHIA,,51,7,0.14,10.200000000000001,3.200000000000001
UNIVERSIDADE FEDERAL DO OESTE DO PARA,,107,13,0.12,21.400000000000002,8.400000000000002
UNIVERSIDADE FEDERAL DO PARA,,306,29,0.09,61.2,32.2
UNIVERSIDADE FEDERAL DO PARANA,,465,73,0.16,93,20
UNIVERSIDADE FEDERAL DO PIAUI,,197,10,0.05,39.400000000000006,29.400000000000006
UNIVERSIDADE FEDERAL DO RIO DE JANEIRO,,843,104,0.12,168.60000000000002,64.60000000000002
UNIVERSIDADE FEDERAL DO RIO GRANDE,,125,14,0.11,25,11
UNIVERSIDADE FEDERAL DO SUL DA BAHIA,,84,17,0.2,16.8,-0.1999999999999993
UNIVERSIDADE FEDERAL FLUMINENSE,,378,31,0.08,75.60000000000001,44.60000000000001
UNIVERSIDADE FEDERAL NORTE DO TOCANTINS,,107,20,0.19,21.400000000000002,1.4000000000000021
UNIVERSIDADE FEDERAL RURAL DA AMAZONIA,,62,0,0,12.4,12.4
UNIVERSIDADE FEDERAL RURAL DE PERNAMBUCO,,142,16,0.11,28.400000000000002,12.400000000000002
